S-01,S-02,S-03,S-04,S-05,S-06,S-07,S-08,S-09,S-10,S-11,S-12,S-13,S-14,S-15,S-16,S-18,S-19,Average,Variance,Zone 1,Zone 2,Zone 3,Zone 4,Zone 5
51.0,186.0,162.0,66.0,132.0,192.0,144.0,87.0,333.0,67.0,54.0,183.0,102.0,54.0,93.0,114.0,93.0,60.0,129.5,5764.964285714285,77.0,168.0,128.0,93.0,60.0
47.7,186.9,157.2,66.9,135.0,179.4,138.6,100.0,322.9,67.5,54.0,177.4,102.0,55.8,98.7,111.6,88.2,67.5,127.95,5577.439285714286,75.4,164.625,127.275,93.45,67.5
44.4,187.8,152.4,67.8,138.0,166.8,133.2,113.0,312.8,68.0,54.0,171.8,102.0,57.6,104.4,109.2,83.4,75.0,126.4,5389.914285714285,73.8,161.25,126.55,93.9,75.0
41.1,188.7,147.6,68.7,141.0,154.2,127.8,126.0,302.7,68.5,54.0,166.2,102.0,59.4,110.1,106.8,78.6,82.5,124.85,5202.3892857142855,72.2,157.875,125.825,94.35,82.5
37.8,189.6,142.8,69.6,144.0,141.6,122.4,139.0,292.6,69.0,54.0,160.6,102.0,61.2,115.8,104.4,73.8,90.0,123.3,5014.864285714285,70.6,154.5,125.1,94.8,90.0
34.5,190.5,138.0,70.5,147.0,129.0,117.0,152.0,282.5,69.5,54.0,155.0,102.0,63.0,121.5,102.0,69.0,97.5,121.75,4827.339285714285,69.0,151.125,124.375,95.25,97.5
31.200000000000003,191.4,133.2,71.4,150.0,116.4,111.6,165.0,272.4,70.0,54.0,149.4,102.0,64.8,127.2,99.6,64.2,105.0,120.2,4639.814285714285,67.4,147.75,123.65,95.7,105.0
27.900000000000002,192.3,128.4,72.3,153.0,103.8,106.19999999999999,178.0,262.3,70.5,54.0,143.8,102.0,66.6,132.9,97.2,59.4,112.5,118.65,4452.289285714285,65.8,144.375,122.925,96.15,112.5
24.6,193.2,123.6,73.2,156.0,91.2,100.8,191.0,252.2,71.0,54.0,138.2,102.0,68.4,138.6,94.8,54.6,120.0,117.1,4264.7642857142855,64.2,141.0,122.2,96.6,120.0
21.3,194.1,118.80000000000001,74.1,159.0,78.60000000000001,95.4,204.0,242.10000000000002,71.5,54.0,132.6,102.0,70.2,144.3,92.4,49.800000000000004,127.5,115.55,4077.239285714285,62.6,137.625,121.475,97.05,127.5
18.0,195.0,114.0,75.0,162.0,66.0,90.0,217.0,232.0,72.0,54.0,127.0,102.0,72.0,150.0,90.0,45.0,135.0,114.0,3889.7142857142853,61.0,134.25,120.75,97.5,135.0
26.4,195.9,117.0,71.4,156.6,69.6,97.2,222.6,225.6,72.0,54.7,121.5,98.4,80.4,155.7,87.9,48.6,137.1,114.95,3890.6821428571425,61.9,134.775,121.55,102.15,137.1
34.8,196.8,120.0,67.8,151.2,73.2,104.4,228.2,219.2,72.0,55.4,116.0,94.8,88.8,161.4,85.8,52.2,139.2,115.9,3891.6499999999996,62.8,135.3,122.35,106.8,139.2
43.2,197.7,123.0,64.2,145.8,76.8,111.6,233.8,212.8,72.0,56.1,110.5,91.2,97.2,167.1,83.7,55.8,141.3,116.85,3892.617857142857,63.7,135.825,123.15,111.45,141.3
51.6,198.6,126.0,60.6,140.4,80.4,118.8,239.4,206.4,72.0,56.8,105.0,87.6,105.6,172.8,81.6,59.4,143.4,117.8,3893.585714285714,64.6,136.35,123.95,116.1,143.4
60.0,199.5,129.0,57.0,135.0,84.0,126.0,245.0,200.0,72.0,57.5,99.5,84.0,114.0,178.5,79.5,63.0,145.5,118.75,3894.553571428571,65.5,136.875,124.75,120.75,145.5
68.4,200.4,132.0,53.4,129.6,87.6,133.2,250.6,193.6,72.0,58.2,94.0,80.4,122.4,184.2,77.4,66.6,147.6,119.7,3895.5214285714283,66.4,137.4,125.55,125.4,147.6
76.80000000000001,201.3,135.0,49.8,124.19999999999999,91.2,140.4,256.2,187.2,72.0,58.9,88.5,76.8,130.8,189.9,75.3,70.2,149.7,120.65,3896.4892857142854,67.3,137.925,126.35,130.05,149.7
85.2,202.2,138.0,46.2,118.8,94.8,147.6,261.8,180.8,72.0,59.6,83.0,73.2,139.2,195.6,73.2,73.8,151.8,121.6,3897.4571428571426,68.2,138.45,127.15,134.7,151.8
93.60000000000001,203.1,141.0,42.6,113.4,98.4,154.8,267.4,174.4,72.0,60.3,77.5,69.6,147.60000000000002,201.3,71.1,77.4,153.9,122.55,3898.4249999999997,69.1,138.975,127.95,139.35,153.9
102.0,204.0,144.0,39.0,108.0,102.0,162.0,273.0,168.0,72.0,61.0,72.0,66.0,156.0,207.0,69.0,81.0,156.0,123.5,3899.392857142857,70.0,139.5,128.75,144.0,156.0
105.6,200.4,138.0,39.0,104.7,101.1,162.0,273.0,168.0,70.8,68.1,74.5,66.6,156.0,207.9,73.5,84.0,148.5,123.41428571428571,3855.8193877551016,72.7,136.05,129.875,145.95,148.5
109.2,196.8,132.0,39.0,101.4,100.2,162.0,273.0,168.0,69.6,75.2,77.0,67.2,156.0,208.8,78.0,87.0,141.0,123.32857142857142,3812.245918367347,75.4,132.6,131.0,147.9,141.0
112.8,193.2,126.0,39.0,98.1,99.3,162.0,273.0,168.0,68.4,82.3,79.5,67.8,156.0,209.7,82.5,90.0,133.5,123.24285714285715,3768.6724489795915,78.1,129.15,132.125,149.85,133.5
116.4,189.6,120.0,39.0,94.8,98.4,162.0,273.0,168.0,67.2,89.4,82.0,68.4,156.0,210.6,87.0,93.0,126.0,123.15714285714286,3725.0989795918363,80.8,125.7,133.25,151.8,126.0
120.0,186.0,114.0,39.0,91.5,97.5,162.0,273.0,168.0,66.0,96.5,84.5,69.0,156.0,211.5,91.5,96.0,118.5,123.07142857142857,3681.525510204081,83.5,122.25,134.375,153.75,118.5
123.6,182.4,108.0,39.0,88.2,96.6,162.0,273.0,168.0,64.8,103.6,87.0,69.6,156.0,212.4,96.0,99.0,111.0,122.98571428571428,3637.952040816326,86.2,118.8,135.5,155.7,111.0
127.2,178.8,102.0,39.0,84.9,95.7,162.0,273.0,168.0,63.6,110.69999999999999,89.5,70.2,156.0,213.3,100.5,102.0,103.5,122.89999999999999,3594.378571428571,88.9,115.35,136.625,157.65,103.5
130.8,175.2,96.0,39.0,81.6,94.8,162.0,273.0,168.0,62.4,117.8,92.0,70.8,156.0,214.2,105.0,105.0,96.0,122.81428571428572,3550.8051020408157,91.6,111.9,137.75,159.6,96.0
134.4,171.6,90.0,39.0,78.3,93.9,162.0,273.0,168.0,61.2,124.9,94.5,71.4,156.0,215.1,109.5,108.0,88.5,122.72857142857143,3507.231632653061,94.3,108.45,138.875,161.55,88.5
138.0,168.0,84.0,39.0,75.0,93.0,162.0,273.0,168.0,60.0,132.0,97.0,72.0,156.0,216.0,114.0,111.0,81.0,122.64285714285714,3463.6581632653056,97.0,105.0,140.0,163.5,81.0
134.7,161.7,85.8,38.1,79.8,91.8,160.2,272.2,166.6,61.5,132.9,99.6,72.9,150.9,204.9,116.1,109.8,89.7,122.05,3383.227040816326,96.3,104.775,139.6,157.35,89.7
131.4,155.4,87.6,37.2,84.6,90.6,158.4,271.4,165.2,63.0,133.8,102.2,73.8,145.8,193.8,118.2,108.6,98.4,121.45714285714286,3302.7959183673465,95.6,104.55,139.2,151.2,98.4
128.1,149.1,89.4,36.3,89.4,89.4,156.6,270.6,163.8,64.5,134.7,104.8,74.7,140.7,182.7,120.3,107.4,107.1,120.86428571428571,3222.364795918367,94.9,104.325,138.8,145.05,107.1
124.8,142.8,91.2,35.4,94.2,88.2,154.8,269.8,162.4,66.0,135.6,107.4,75.6,135.6,171.6,122.4,106.2,115.8,120.27142857142857,3141.9336734693875,94.2,104.1,138.4,138.9,115.8
121.5,136.5,93.0,34.5,99.0,87.0,153.0,269.0,161.0,67.5,136.5,110.0,76.5,130.5,160.5,124.5,105.0,124.5,119.67857142857142,3061.5025510204077,93.5,103.875,138.0,132.75,124.5
118.2,130.2,94.8,33.6,103.8,85.8,151.2,268.2,159.6,69.0,137.4,112.6,77.4,125.4,149.4,126.6,103.8,133.2,119.08571428571427,2981.0714285714284,92.8,103.65,137.6,126.6,133.2
114.9,123.9,96.6,32.7,108.6,84.6,149.4,267.4,158.2,70.5,138.3,115.2,78.3,120.30000000000001,138.3,128.7,102.6,141.89999999999998,118.49285714285713,2900.6403061224487,92.1,103.425,137.2,120.44999999999999,141.89999999999998
111.6,117.6,98.4,31.8,113.4,83.4,147.6,266.6,156.8,72.0,139.2,117.8,79.2,115.2,127.2,130.8,101.4,150.6,117.89999999999999,2820.209183673469,91.4,103.2,136.8,114.3,150.6
108.3,111.30000000000001,100.2,30.9,118.19999999999999,82.2,145.8,265.8,155.4,73.5,140.1,120.4,80.1,110.1,116.10000000000001,132.9,100.2,159.3,117.30714285714285,2739.7780612244896,90.7,102.975,136.4,108.15,159.3
105.0,105.0,102.0,30.0,123.0,81.0,144.0,265.0,154.0,75.0,141.0,123.0,81.0,105.0,105.0,135.0,99.0,168.0,116.71428571428571,2659.34693877551,90.0,102.75,136.0,102.0,168.0
103.2,104.4,103.2,32.1,122.1,81.0,142.2,262.2,154.8,75.0,134.7,125.1,82.8,108.6,113.4,129.9,105.9,165.0,116.52857142857142,2595.1959183673466,88.4,102.675,135.675,109.65,165.0
101.4,103.8,104.4,34.2,121.2,81.0,140.4,259.4,155.6,75.0,128.4,127.2,84.6,112.2,121.8,124.8,112.8,162.0,116.34285714285714,2531.0448979591833,86.8,102.6,135.35,117.3,162.0
99.6,103.2,105.6,36.3,120.3,81.0,138.6,256.6,156.4,75.0,122.1,129.3,86.4,115.8,130.2,119.7,119.7,159.0,116.15714285714286,2466.89387755102,85.2,102.525,135.025,124.95,159.0
97.8,102.6,106.8,38.4,119.4,81.0,136.8,253.8,157.2,75.0,115.8,131.4,88.2,119.4,138.6,114.6,126.6,156.0,115.97142857142858,2402.742857142857,83.6,102.45,134.7,132.6,156.0
96.0,102.0,108.0,40.5,118.5,81.0,135.0,251.0,158.0,75.0,109.5,133.5,90.0,123.0,147.0,109.5,133.5,153.0,115.78571428571428,2338.5918367346935,82.0,102.375,134.375,140.25,153.0
94.2,101.4,109.2,42.6,117.6,81.0,133.2,248.2,158.8,75.0,103.2,135.6,91.8,126.6,155.4,104.4,140.4,150.0,115.6,2274.4408163265302,80.4,102.3,134.05,147.9,150.0
92.4,100.8,110.4,44.7,116.7,81.0,131.4,245.4,159.6,75.0,96.9,137.7,93.6,130.2,163.8,99.30000000000001,147.3,147.0,115.41428571428571,2210.289795918367,78.8,102.225,133.725,155.55,147.0
90.6,100.2,111.6,46.8,115.8,81.0,129.6,242.6,160.4,75.0,90.6,139.8,95.4,133.8,172.2,94.2,154.2,144.0,115.22857142857143,2146.1387755102037,77.2,102.15,133.4,163.2,144.0
88.8,99.6,112.8,48.900000000000006,114.9,81.0,127.8,239.8,161.2,75.0,84.30000000000001,141.9,97.2,137.4,180.60000000000002,89.1,161.1,141.0,115.04285714285714,2081.9877551020404,75.6,102.075,133.075,170.85000000000002,141.0
87.0,99.0,114.0,51.0,114.0,81.0,126.0,237.0,162.0,75.0,78.0,144.0,99.0,141.0,189.0,84.0,168.0,138.0,114.85714285714286,2017.8367346938771,74.0,102.0,132.75,178.5,138.0
85.2,105.0,120.0,58.2,111.3,77.4,120.6,237.0,162.0,78.7,80.1,146.1,99.0,141.0,195.3,79.5,169.2,134.1,115.82857142857144,2063.463265306122,74.3,103.425,133.0625,182.25,134.1
83.4,111.0,126.0,65.4,108.6,73.8,115.2,237.0,162.0,82.4,82.2,148.2,99.0,141.0,201.6,75.0,170.4,130.2,116.8,2109.089795918367,74.6,104.85,133.375,186.0,130.2
81.6,117.0,132.0,72.6,105.9,70.2,109.8,237.0,162.0,86.1,84.3,150.3,99.0,141.0,207.9,70.5,171.6,126.3,117.77142857142857,2154.7163265306117,74.9,106.275,133.6875,189.75,126.3
79.8,123.0,138.0,79.8,103.2,66.6,104.4,237.0,162.0,89.8,86.4,152.4,99.0,141.0,214.2,66.0,172.8,122.4,118.74285714285715,2200.3428571428567,75.2,107.7,134.0,193.5,122.4
78.0,129.0,144.0,87.0,100.5,63.0,99.0,237.0,162.0,93.5,88.5,154.5,99.0,141.0,220.5,61.5,174.0,118.5,119.71428571428572,2245.9693877551017,75.5,109.125,134.3125,197.25,118.5
76.2,135.0,150.0,94.2,97.8,59.4,93.6,237.0,162.0,97.2,90.6,156.6,99.0,141.0,226.8,57.0,175.2,114.6,120.68571428571428,2291.5959183673467,75.8,110.55,134.625,201.0,114.6
74.4,141.0,156.0,101.4,95.1,55.8,88.19999999999999,237.0,162.0,100.9,92.7,158.7,99.0,141.0,233.1,52.5,176.4,110.7,121.65714285714286,2337.2224489795917,76.1,111.975,134.9375,204.75,110.7
72.6,147.0,162.0,108.6,92.4,52.2,82.8,237.0,162.0,104.6,94.8,160.8,99.0,141.0,239.4,48.0,177.6,106.8,122.62857142857143,2382.8489795918363,76.4,113.4,135.25,208.5,106.8
70.8,153.0,168.0,115.8,89.7,48.6,77.4,237.0,162.0,108.30000000000001,96.9,162.9,99.0,141.0,245.7,43.5,178.8,102.9,123.6,2428.4755102040813,76.7,114.825,135.5625,212.25,102.9
69.0,159.0,174.0,123.0,87.0,45.0,72.0,237.0,162.0,112.0,99.0,165.0,99.0,141.0,252.0,39.0,180.0,99.0,124.57142857142857,2474.1020408163263,77.0,116.25,135.875,216.0,99.0
70.8,156.0,167.1,127.2,244.8,49.2,73.8,235.3,160.5,108.9,99.0,173.4,96.3,139.8,241.5,41.4,175.8,95.7,135.8642857142857,18161.43112244898,79.8,154.275,135.875,208.65,95.7
72.6,153.0,160.2,131.4,402.6,53.4,75.6,233.6,159.0,105.8,99.0,181.8,93.6,138.6,231.0,43.8,171.6,92.4,147.15714285714284,33848.76020408163,82.6,192.3,135.875,201.3,92.4
74.4,150.0,153.3,135.6,560.4000000000001,57.6,77.4,231.9,157.5,102.7,99.0,190.2,90.9,137.4,220.5,46.2,167.4,89.1,158.45,49536.08928571428,85.4,230.325,135.875,193.95,89.1
76.2,147.0,146.4,139.8,718.2,61.8,79.2,230.2,156.0,99.6,99.0,198.6,88.2,136.2,210.0,48.6,163.2,85.8,169.74285714285713,65223.41836734693,88.2,268.35,135.875,186.6,85.8
78.0,144.0,139.5,144.0,876.0,66.0,81.0,228.5,154.5,96.5,99.0,207.0,85.5,135.0,199.5,51.0,159.0,82.5,181.03571428571428,80910.74744897959,91.0,306.375,135.875,179.25,82.5
79.8,141.0,132.6,148.2,1033.8000000000002,70.2,82.8,226.8,153.0,93.4,99.0,215.4,82.8,133.8,189.0,53.4,154.8,79.2,192.32857142857142,96598.07653061225,93.8,344.4,135.875,171.9,79.2
81.6,138.0,125.69999999999999,152.4,1191.6000000000001,74.4,84.6,225.1,151.5,90.3,99.0,223.8,80.1,132.6,178.5,55.8,150.6,75.9,203.62142857142857,112285.4056122449,96.6,382.425,135.875,164.55,75.9
83.4,135.0,118.8,156.6,1349.4,78.6,86.4,223.4,150.0,87.2,99.0,232.2,77.4,131.4,168.0,58.2,146.4,72.6,214.9142857142857,127972.73469387754,99.4,420.45,135.875,157.2,72.6
85.2,132.0,111.9,160.8,1507.2,82.80000000000001,88.2,221.7,148.5,84.1,99.0,240.60000000000002,74.7,130.2,157.5,60.599999999999994,142.2,69.3,226.20714285714286,143660.0637755102,102.2,458.47499999999997,135.875,149.85000000000002,69.3
87.0,129.0,105.0,165.0,1665.0,87.0,90.0,220.0,147.0,81.0,99.0,249.0,72.0,129.0,147.0,63.0,138.0,66.0,237.5,159347.39285714284,105.0,496.5,135.875,142.5,66.0
178.8,128.1,105.9,160.5,3606.9,84.3,93.6,216.3,148.2,81.0,96.4,257.4,74.1,127.8,139.2,66.0,140.7,75.0,382.8071428571429,3041968.3352040816,135.1,981.3,136.85,139.95,75.0
270.6,127.2,106.8,156.0,5548.8,81.6,97.2,212.6,149.4,81.0,93.8,265.8,76.2,126.6,131.4,69.0,143.4,84.0,528.1142857142858,5924589.2775510205,165.2,1466.1,137.825,137.4,84.0
362.4,126.3,107.7,151.5,7490.700000000001,78.9,100.8,208.9,150.6,81.0,91.2,274.2,78.3,125.4,123.6,72.0,146.1,93.0,673.4214285714286,8807210.219897961,195.3,1950.9,138.8,134.85,93.0
454.2,125.4,108.6,147.0,9432.6,76.2,104.4,205.2,151.8,81.0,88.6,282.6,80.4,124.2,115.8,75.0,148.8,102.0,818.7285714285715,11689831.1622449,225.4,2435.7,139.775,132.3,102.0
546.0,124.5,109.5,142.5,11374.5,73.5,108.0,201.5,153.0,81.0,86.0,291.0,82.5,123.0,108.0,78.0,151.5,111.0,964.0357142857144,14572452.104591837,255.5,2920.5,140.75,129.75,111.0
637.8,123.6,110.4,138.0,13316.400000000001,70.8,111.6,197.8,154.2,81.0,83.4,299.4,84.6,121.8,100.2,81.0,154.2,120.0,1109.3428571428572,17455073.046938777,285.6,3405.3,141.725,127.2,120.0
729.6,122.7,111.3,133.5,15258.300000000001,68.1,115.2,194.1,155.4,81.0,80.8,307.8,86.7,120.6,92.4,84.0,156.9,129.0,1254.65,20337693.989285715,315.70000000000005,3890.1,142.7,124.65,129.0
821.4,121.8,112.2,129.0,17200.2,65.4,118.8,190.4,156.6,81.0,78.2,316.2,88.8,119.4,84.6,87.0,159.6,138.0,1399.957142857143,23220314.931632653,345.8,4374.9,143.675,122.1,138.0
913.1999999999999,120.9,113.1,124.5,19142.100000000002,62.7,122.4,186.7,157.8,81.0,75.6,324.6,90.9,118.2,76.8,90.0,162.3,147.0,1545.264285714286,26102935.87397959,375.90000000000003,4859.7,144.65,119.55,147.0
1005.0,120.0,114.0,120.0,21084.0,60.0,126.0,183.0,159.0,81.0,73.0,333.0,93.0,117.0,69.0,93.0,165.0,156.0,1690.5714285714287,28985556.81632653,406.0,5344.5,145.625,117.0,156.0
936.9,117.9,111.3,114.0,20536.5,56.1,126.0,183.0,159.0,80.8,75.0,318.3,96.6,117.0,72.3,97.2,167.7,146.1,1644.8857142857144,27677094.112244897,382.7,5205.45,144.4625,120.0,146.1
868.8,115.8,108.6,108.0,19989.0,52.2,126.0,183.0,159.0,80.6,77.0,303.6,100.2,117.0,75.6,101.4,170.4,136.2,1599.2,26368631.408163264,359.4,5066.4,143.3,123.0,136.2
800.7,113.7,105.9,102.0,19441.5,48.3,126.0,183.0,159.0,80.4,79.0,288.9,103.8,117.0,78.9,105.6,173.1,126.3,1553.5142857142857,25060168.704081632,336.1,4927.35,142.1375,126.0,126.3
732.6,111.6,103.2,96.0,18894.0,44.4,126.0,183.0,159.0,80.2,81.0,274.2,107.4,117.0,82.2,109.8,175.8,116.4,1507.8285714285714,23751705.999999996,312.8,4788.3,140.975,129.0,116.4
664.5,109.5,100.5,90.0,18346.5,40.5,126.0,183.0,159.0,80.0,83.0,259.5,111.0,117.0,85.5,114.0,178.5,106.5,1462.1428571428573,22443243.295918364,289.5,4649.25,139.8125,132.0,106.5
596.4000000000001,107.4,97.8,84.0,17799.0,36.6,126.0,183.0,159.0,79.8,85.0,244.8,114.6,117.0,88.8,118.2,181.2,96.6,1416.457142857143,21134780.591836732,266.2,4510.2,138.65,135.0,96.6
528.3000000000001,105.3,95.1,78.0,17251.5,32.7,126.0,183.0,159.0,79.6,87.0,230.10000000000002,118.2,117.0,92.1,122.4,183.9,86.7,1370.7714285714287,19826317.887755096,242.9,4371.15,137.4875,138.0,86.7
460.20000000000005,103.2,92.4,72.0,16704.0,28.8,126.0,183.0,159.0,79.4,89.0,215.4,121.8,117.0,95.4,126.6,186.6,76.8,1325.0857142857144,18517855.183673464,219.6,4232.1,136.325,141.0,76.8
392.1,101.1,89.7,66.0,16156.5,24.9,126.0,183.0,159.0,79.2,91.0,200.70000000000002,125.4,117.0,98.7,130.8,189.3,66.89999999999999,1279.4,17209392.47959183,196.29999999999998,4093.05,135.1625,144.0,66.89999999999999
324.0,99.0,87.0,60.0,15609.0,21.0,126.0,183.0,159.0,79.0,93.0,186.0,129.0,117.0,102.0,135.0,192.0,57.0,1233.7142857142858,15900929.7755102,173.0,3954.0,134.0,147.0,57.0
714.0,103.2,89.7,79.2,16407.0,24.6,142.5,198.6,160.0,82.2,100.5,171.3,128.7,115.6,108.9,129.3,186.6,61.5,1322.65,17964946.718877546,307.5,4156.125,137.425,147.75,61.5
1104.0,107.4,92.4,98.4,17205.0,28.2,159.0,214.2,161.0,85.4,108.0,156.6,128.4,114.2,115.8,123.6,181.2,66.0,1411.5857142857144,20028963.662244894,442.0,4358.25,140.85,148.5,66.0
1494.0,111.6,95.1,117.6,18003.0,31.8,175.5,229.8,162.0,88.6,115.5,141.9,128.1,112.8,122.7,117.9,175.8,70.5,1500.5214285714287,22092980.60561224,576.5,4560.375,144.275,149.25,70.5
1884.0,115.8,97.8,136.8,18801.0,35.4,192.0,245.4,163.0,91.8,123.0,127.2,127.8,111.4,129.6,112.2,170.4,75.0,1589.4571428571428,24156997.548979588,711.0,4762.5,147.7,150.0,75.0
2274.0,120.0,100.5,156.0,19599.0,39.0,208.5,261.0,164.0,95.0,130.5,112.5,127.5,110.0,136.5,106.5,165.0,79.5,1678.392857142857,26221014.492346935,845.5,4964.625,151.125,150.75,79.5
2664.0,124.2,103.2,175.2,20397.0,42.6,225.0,276.6,165.0,98.2,138.0,97.80000000000001,127.2,108.6,143.4,100.8,159.6,84.0,1767.3285714285714,28285031.435714282,980.0,5166.75,154.55,151.5,84.0
3054.0,128.4,105.9,194.4,21195.0,46.2,241.5,292.2,166.0,101.4,145.5,83.10000000000001,126.9,107.2,150.3,95.1,154.2,88.5,1856.2642857142855,30349048.37908163,1114.5,5368.875,157.975,152.25,88.5
3444.0,132.6,108.6,213.6,21993.0,49.8,258.0,307.8,167.0,104.6,153.0,68.4,126.6,105.8,157.2,89.4,148.8,93.0,1945.1999999999998,32413065.322448976,1249.0,5571.0,161.4,153.0,93.0
3834.0,136.8,111.3,232.79999999999998,22791.0,53.4,274.5,323.4,168.0,107.8,160.5,53.70000000000002,126.3,104.4,164.1,83.69999999999999,143.4,97.5,2034.1357142857141,34477082.26581632,1383.5,5773.125,164.825,153.75,97.5
4224.0,141.0,114.0,252.0,23589.0,57.0,291.0,339.0,169.0,111.0,168.0,39.0,126.0,103.0,171.0,78.0,138.0,102.0,2123.0714285714284,36541099.20918367,1518.0,5975.25,168.25,154.5,102.0
3946.5,162.0,111.9,273.0,23076.3,60.0,327.0,567.0,172.2,111.0,163.8,41.2,122.4,101.1,164.4,76.2,138.0,108.3,2088.2428571428572,35076776.74795918,1431.9,5852.55,200.7125,151.2,108.3
3669.0,183.0,109.8,294.0,22563.6,63.0,363.0,795.0,175.4,111.0,159.6,43.4,118.8,99.2,157.8,74.4,138.0,114.6,2053.4142857142856,33612454.28673469,1345.8,5729.85,233.175,147.9,114.6
3391.5,204.0,107.7,315.0,22050.9,66.0,399.0,1023.0,178.6,111.0,155.4,45.6,115.2,97.3,151.2,72.6,138.0,120.9,2018.5857142857142,32148131.825510204,1259.7,5607.15,265.6375,144.6,120.9
3114.0,225.0,105.6,336.0,21538.2,69.0,435.0,1251.0,181.8,111.0,151.2,47.8,111.6,95.4,144.6,70.8,138.0,127.2,1983.7571428571428,30683809.364285715,1173.6,5484.45,298.1,141.3,127.2
2836.5,246.0,103.5,357.0,21025.5,72.0,471.0,1479.0,185.0,111.0,147.0,50.0,108.0,93.5,138.0,69.0,138.0,133.5,1948.9285714285713,29219486.903061226,1087.5,5361.75,330.5625,138.0,133.5
2559.0,267.0,101.4,378.0,20512.8,75.0,507.0,1707.0,188.2,111.0,142.8,52.2,104.4,91.6,131.4,67.2,138.0,139.8,1914.1,27755164.441836733,1001.4000000000001,5239.05,363.025,134.7,139.8
2281.5,288.0,99.3,399.0,20000.1,78.0,543.0,1935.0,191.4,111.0,138.6,54.400000000000006,100.8,89.7,124.80000000000001,65.4,138.0,146.1,1879.2714285714285,26290841.980612244,915.3000000000001,5116.35,395.48749999999995,131.4,146.1
2004.0,309.0,97.2,420.0,19487.4,81.0,579.0,2163.0,194.6,111.0,134.4,56.6,97.2,87.8,118.2,63.6,138.0,152.4,1844.442857142857,24826519.519387756,829.2,4993.65,427.95,128.1,152.4
1726.5,330.0,95.1,441.0,18974.7,84.0,615.0,2391.0,197.8,111.0,130.2,58.8,93.6,85.9,111.6,61.8,138.0,158.7,1809.6142857142856,23362197.058163267,743.1,4870.95,460.41249999999997,124.8,158.7
1449.0,351.0,93.0,462.0,18462.0,87.0,651.0,2619.0,201.0,111.0,126.0,61.0,90.0,84.0,105.0,60.0,138.0,165.0,1774.7857142857142,21897874.596938778,657.0,4748.25,492.875,121.5,165.0
1361.1,344.7,94.8,497.7,18186.3,86.7,667.2,2619.0,201.0,110.8,123.3,63.3,90.0,84.0,106.5,62.7,131.7,167.1,1752.1357142857141,21292292.786224492,640.5,4678.125,494.825,119.1,167.1
1273.2,338.4,96.6,533.4,17910.6,86.4,683.4,2619.0,201.0,110.6,120.6,65.6,90.0,84.0,108.0,65.4,125.4,169.2,1729.4857142857143,20686710.975510206,624.0,4608.0,496.775,116.7,169.2
1185.3,332.1,98.4,569.1,17634.9,86.1,699.6,2619.0,201.0,110.4,117.9,67.9,90.0,84.0,109.5,68.1,119.1,171.3,1706.8357142857142,20081129.16479592,607.5,4537.875,498.725,114.3,171.3
1097.4,325.8,100.2,604.8,17359.2,85.8,715.8,2619.0,201.0,110.2,115.2,70.2,90.0,84.0,111.0,70.8,112.8,173.4,1684.1857142857143,19475547.35408163,591.0,4467.75,500.675,111.9,173.4
1009.5,319.5,102.0,640.5,17083.5,85.5,732.0,2619.0,201.0,110.0,112.5,72.5,90.0,84.0,112.5,73.5,106.5,175.5,1661.5357142857142,18869965.543367345,574.5,4397.625,502.625,109.5,175.5
921.5999999999999,313.2,103.8,676.2,16807.8,85.2,748.2,2619.0,201.0,109.8,109.8,74.8,90.0,84.0,114.0,76.2,100.2,177.6,1638.8857142857141,18264383.73265306,558.0,4327.5,504.575,107.1,177.6
833.6999999999999,306.9,105.6,711.9000000000001,16532.1,84.9,764.4,2619.0,201.0,109.6,107.1,77.1,90.0,84.0,115.5,78.9,93.9,179.7,1616.2357142857143,17658801.921938773,541.5,4257.375,506.525,104.7,179.7
745.8,300.6,107.4,747.6,16256.4,84.6,780.6,2619.0,201.0,109.4,104.4,79.4,90.0,84.0,117.0,81.6,87.6,181.8,1593.5857142857142,17053220.111224487,525.0,4187.25,508.475,102.3,181.8
657.9,294.3,109.2,783.3,15980.7,84.3,796.8,2619.0,201.0,109.2,101.7,81.7,90.0,84.0,118.5,84.3,81.30000000000001,183.9,1570.9357142857143,16447638.3005102,508.5,4117.125,510.425,99.9,183.9
570.0,288.0,111.0,819.0,15705.0,84.0,813.0,2619.0,201.0,109.0,99.0,84.0,90.0,84.0,120.0,87.0,75.0,186.0,1548.2857142857142,15842056.489795914,492.0,4047.0,512.375,97.5,186.0
550.8,282.3,111.0,800.1,14506.2,86.7,1047.9,2568.0,194.8,107.7,99.0,85.6,86.8,82.0,124.8,91.2,73.2,186.9,1472.0642857142857,14402744.29030612,480.7,3746.55,533.975,99.0,186.9
531.6,276.6,111.0,781.2,13307.4,89.4,1282.8,2517.0,188.6,106.4,99.0,87.2,83.6,80.0,129.6,95.4,71.4,187.8,1395.8428571428572,12963432.090816323,469.4,3446.1,555.575,100.5,187.8
512.4,270.9,111.0,762.3,12108.6,92.1,1517.7,2466.0,182.4,105.1,99.0,88.8,80.4,78.0,134.4,99.6,69.6,188.7,1319.6214285714286,11524119.891326528,458.1,3145.65,577.175,102.0,188.7
493.2,265.2,111.0,743.4,10909.8,94.8,1752.6,2415.0,176.2,103.8,99.0,90.4,77.2,76.0,139.2,103.8,67.8,189.6,1243.4,10084807.691836733,446.8,2845.2,598.775,103.5,189.6
474.0,259.5,111.0,724.5,9711.0,97.5,1987.5,2364.0,170.0,102.5,99.0,92.0,74.0,74.0,144.0,108.0,66.0,190.5,1167.1785714285716,8645495.492346937,435.5,2544.75,620.375,105.0,190.5
454.8,253.8,111.0,705.6,8512.2,100.2,2222.4,2313.0,163.8,101.2,99.0,93.6,70.8,72.0,148.8,112.2,64.2,191.4,1090.9571428571428,7206183.292857142,424.2,2244.3,641.975,106.5,191.4
435.6,248.1,111.0,686.7,7313.4,102.9,2457.3,2262.0,157.6,99.9,99.0,95.2,67.6,70.0,153.6,116.4,62.4,192.3,1014.7357142857143,5766871.093367346,412.9,1943.85,663.575,108.0,192.3
416.4,242.4,111.0,667.8,6114.6,105.6,2692.2,2211.0,151.4,98.6,99.0,96.8,64.4,68.0,158.4,120.6,60.6,193.2,938.5142857142857,4327558.893877551,401.6,1643.4,685.175,109.5,193.2
397.20000000000005,236.7,111.0,648.9,4915.800000000001,108.3,2927.1,2160.0,145.2,97.3,99.0,98.4,61.2,66.0,163.2,124.80000000000001,58.8,194.1,862.2928571428572,2888246.6943877563,390.3,1342.9500000000003,706.775,111.0,194.1
378.0,231.0,111.0,630.0,3717.0,111.0,3162.0,2109.0,139.0,96.0,99.0,100.0,58.0,64.0,168.0,129.0,57.0,195.0,786.0714285714286,1448934.4948979595,379.0,1042.5,728.375,112.5,195.0
361.8,226.2,112.2,596.1,3524.4,108.6,3092.1,2149.5,138.0,96.0,96.3,101.7,61.2,66.6,169.5,127.5,60.9,181.5,766.4785714285714,1382376.329081633,361.8,992.85,725.175,115.2,181.5
345.6,221.4,113.4,562.2,3331.8,106.2,3022.2,2190.0,137.0,96.0,93.6,103.4,64.4,69.2,171.0,126.0,64.8,168.0,746.8857142857142,1315818.1632653065,344.6,943.2,721.975,117.9,168.0
329.4,216.6,114.6,528.3,3139.2,103.8,2952.3,2230.5,136.0,96.0,90.9,105.1,67.6,71.8,172.5,124.5,68.7,154.5,727.2928571428571,1249259.9974489799,327.4,893.55,718.775,120.6,154.5
313.2,211.8,115.8,494.4,2946.6,101.4,2882.4,2271.0,135.0,96.0,88.2,106.8,70.8,74.4,174.0,123.0,72.6,141.0,707.6999999999999,1182701.8316326533,310.2,843.9,715.575,123.3,141.0
297.0,207.0,117.0,460.5,2754.0,99.0,2812.5,2311.5,134.0,96.0,85.5,108.5,74.0,77.0,175.5,121.5,76.5,127.5,688.1071428571429,1116143.6658163266,293.0,794.25,712.375,126.0,127.5
280.8,202.2,118.2,426.6,2561.4,96.6,2742.6,2352.0,133.0,96.0,82.8,110.2,77.2,79.6,177.0,120.0,80.4,114.0,668.5142857142857,1049585.5000000002,275.8,744.6,709.175,128.7,114.0
264.6,197.4,119.4,392.70000000000005,2368.8,94.2,2672.7,2392.5,132.0,96.0,80.1,111.9,80.4,82.2,178.5,118.5,84.3,100.5,648.9214285714286,983027.3341836736,258.6,694.95,705.975,131.4,100.5
248.4,192.6,120.6,358.8,2176.2,91.8,2602.8,2433.0,131.0,96.0,77.4,113.6,83.6,84.8,180.0,117.0,88.2,87.0,629.3285714285714,916469.1683673471,241.4,645.3,702.775,134.1,87.0
232.20000000000002,187.8,121.8,324.90000000000003,1983.6000000000001,89.4,2532.9,2473.5,130.0,96.0,74.7,115.3,86.8,87.4,181.5,115.5,92.1,73.5,609.7357142857143,849911.0025510206,224.20000000000002,595.6500000000001,699.575,136.8,73.5
216.0,183.0,123.0,291.0,1791.0,87.0,2463.0,2514.0,129.0,96.0,72.0,117.0,90.0,90.0,183.0,114.0,96.0,60.0,590.1428571428571,783352.836734694,207.0,546.0,696.375,139.5,60.0
206.4,179.4,120.0,272.1,1657.2,85.2,2463.0,2514.0,129.0,95.2,70.5,116.5,95.1,90.0,177.6,115.2,112.5,61.2,578.1142857142856,773796.3795918368,197.9,510.45,696.6625,145.05,61.2
196.8,175.8,117.0,253.2,1523.4,83.4,2463.0,2514.0,129.0,94.4,69.0,116.0,100.2,90.0,172.2,116.4,129.0,62.4,566.0857142857143,764239.9224489796,188.8,474.9,696.95,150.6,62.4
187.2,172.2,114.0,234.3,1389.6,81.6,2463.0,2514.0,129.0,93.6,67.5,115.5,105.3,90.0,166.8,117.6,145.5,63.6,554.0571428571428,754683.4653061224,179.7,439.35,697.2375,156.15,63.6
177.6,168.6,111.0,215.4,1255.8,79.8,2463.0,2514.0,129.0,92.8,66.0,115.0,110.4,90.0,161.4,118.8,162.0,64.8,542.0285714285714,745127.0081632653,170.6,403.8,697.525,161.7,64.8
168.0,165.0,108.0,196.5,1122.0,78.0,2463.0,2514.0,129.0,92.0,64.5,114.5,115.5,90.0,156.0,120.0,178.5,66.0,530.0,735570.551020408,161.5,368.25,697.8125,167.25,66.0
158.4,161.4,105.0,177.60000000000002,988.1999999999999,76.2,2463.0,2514.0,129.0,91.2,63.0,114.0,120.6,90.0,150.6,121.2,195.0,67.2,517.9714285714285,726014.0938775509,152.4,332.70000000000005,698.1,172.8,67.2
148.8,157.8,102.0,158.70000000000002,854.3999999999999,74.4,2463.0,2514.0,129.0,90.4,61.5,113.5,125.69999999999999,90.0,145.2,122.4,211.5,68.4,505.9428571428571,716457.6367346938,143.3,297.15000000000003,698.3875,178.35,68.4
139.2,154.2,99.0,139.8,720.5999999999999,72.6,2463.0,2514.0,129.0,89.6,60.0,113.0,130.8,90.0,139.8,123.6,228.0,69.6,493.9142857142857,706901.1795918366,134.2,261.6,698.675,183.9,69.6
129.60000000000002,150.6,96.0,120.9,586.8,70.8,2463.0,2514.0,129.0,88.8,58.5,112.5,135.9,90.0,134.4,124.8,244.5,70.8,481.88571428571424,697344.7224489794,125.10000000000001,226.05,698.9625,189.45,70.8
120.0,147.0,93.0,102.0,453.0,69.0,2463.0,2514.0,129.0,88.0,57.0,112.0,141.0,90.0,129.0,126.0,261.0,72.0,469.85714285714283,687788.2653061223,116.0,190.5,699.25,195.0,72.0
127.8,143.7,94.2,124.2,431.1,71.4,2412.0,2445.9,128.7,87.0,58.8,111.6,143.7,91.3,128.7,132.0,277.8,76.8,462.24285714285713,656963.9591836733,128.0,185.1,684.875,203.25,76.8
135.6,140.4,95.4,146.4,409.2,73.8,2361.0,2377.8,128.4,86.0,60.6,111.2,146.4,92.6,128.4,138.0,294.6,81.6,454.62857142857143,626139.6530612243,140.0,179.7,670.5,211.5,81.6
143.4,137.1,96.6,168.6,387.3,76.2,2310.0,2309.7,128.1,85.0,62.4,110.8,149.1,93.9,128.1,144.0,311.4,86.4,447.0142857142857,595315.3469387754,152.0,174.3,656.125,219.75,86.4
151.2,133.8,97.8,190.8,365.4,78.6,2259.0,2241.6,127.8,84.0,64.2,110.4,151.8,95.2,127.8,150.0,328.2,91.2,439.4,564491.0408163264,164.0,168.9,641.75,228.0,91.2
159.0,130.5,99.0,213.0,343.5,81.0,2208.0,2173.5,127.5,83.0,66.0,110.0,154.5,96.5,127.5,156.0,345.0,96.0,431.7857142857143,533666.7346938774,176.0,163.5,627.375,236.25,96.0
166.8,127.2,100.2,235.2,321.6,83.4,2157.0,2105.4,127.2,82.0,67.8,109.6,157.2,97.8,127.2,162.0,361.8,100.8,424.1714285714286,502842.4285714284,188.0,158.1,613.0,244.5,100.8
174.6,123.9,101.4,257.4,299.70000000000005,85.8,2106.0,2037.3000000000002,126.9,81.0,69.6,109.2,159.9,99.1,126.9,168.0,378.6,105.6,416.5571428571429,472018.1224489794,200.0,152.7,598.625,252.75,105.6
182.4,120.6,102.6,279.6,277.8,88.2,2055.0,1969.2,126.6,80.0,71.4,108.8,162.6,100.4,126.6,174.0,395.4,110.4,408.9428571428571,441193.8163265304,212.0,147.3,584.25,261.0,110.4
190.2,117.3,103.8,301.79999999999995,255.9,90.6,2004.0,1901.1,126.3,79.0,73.2,108.4,165.3,101.7,126.3,180.0,412.20000000000005,115.19999999999999,401.3285714285714,410369.5102040815,224.0,141.9,569.875,269.25,115.19999999999999
198.0,114.0,105.0,324.0,234.0,93.0,1953.0,1833.0,126.0,78.0,75.0,108.0,168.0,103.0,126.0,186.0,429.0,120.0,393.7142857142857,379545.2040816325,236.0,136.5,555.5,277.5,120.0
199.8,111.9,106.8,342.9,258.0,97.5,1825.2,1785.0,128.7,78.0,73.8,106.0,165.0,109.8,132.3,171.0,416.7,117.0,384.8857142857143,353355.22244897945,237.9,143.55,533.9375,274.5,117.0
201.6,109.8,108.6,361.8,282.0,102.0,1697.4,1737.0,131.4,78.0,72.6,104.0,162.0,116.6,138.6,156.0,404.4,114.0,376.0571428571429,327165.2408163264,239.8,150.6,512.375,271.5,114.0
203.4,107.7,110.4,380.7,306.0,106.5,1569.6,1689.0,134.1,78.0,71.4,102.0,159.0,123.4,144.9,141.0,392.1,111.0,367.22857142857146,300975.25918367336,241.7,157.65,490.8125,268.5,111.0
205.2,105.6,112.2,399.6,330.0,111.0,1441.8,1641.0,136.8,78.0,70.2,100.0,156.0,130.2,151.2,126.0,379.8,108.0,358.40000000000003,274785.2775510203,243.6,164.7,469.25,265.5,108.0
207.0,103.5,114.0,418.5,354.0,115.5,1314.0,1593.0,139.5,78.0,69.0,98.0,153.0,137.0,157.5,111.0,367.5,105.0,349.57142857142856,248595.29591836728,245.5,171.75,447.6875,262.5,105.0
208.8,101.4,115.8,437.4,378.0,120.0,1186.2,1545.0,142.2,78.0,67.8,96.0,150.0,143.8,163.8,96.0,355.2,102.0,340.74285714285713,222405.3142857142,247.4,178.8,426.125,259.5,102.0
210.6,99.3,117.6,456.29999999999995,402.0,124.5,1058.4,1497.0,144.9,78.0,66.6,94.0,147.0,150.6,170.1,81.0,342.9,99.0,331.9142857142857,196215.33265306117,249.3,185.85,404.5625,256.5,99.0
212.4,97.2,119.4,475.2,426.0,129.0,930.6,1449.0,147.6,78.0,65.4,92.0,144.0,157.4,176.4,66.0,330.6,96.0,323.0857142857143,170025.35102040812,251.2,192.9,383.0,253.5,96.0
214.2,95.1,121.2,494.1,450.0,133.5,802.8,1401.0,150.3,78.0,64.2,90.0,141.0,164.2,182.7,51.0,318.3,93.0,314.25714285714287,143835.36938775508,253.1,199.95,361.4375,250.5,93.0
216.0,93.0,123.0,513.0,474.0,138.0,675.0,1353.0,153.0,78.0,63.0,88.0,138.0,171.0,189.0,36.0,306.0,90.0,305.42857142857144,117645.38775510204,255.0,207.0,339.875,247.5,90.0
210.9,91.8,132.9,495.3,474.3,143.7,650.4,1353.0,153.0,77.7,65.7,86.1,138.0,171.0,189.3,36.6,302.1,91.2,303.12857142857143,116235.3306122449,247.6,210.675,336.8625,245.7,91.2
205.8,90.6,142.8,477.6,474.6,149.4,625.8,1353.0,153.0,77.4,68.4,84.2,138.0,171.0,189.6,37.2,298.2,92.4,300.8285714285714,114825.27346938776,240.2,214.35,333.85,243.9,92.4
200.7,89.4,152.7,459.9,474.9,155.1,601.2,1353.0,153.0,77.1,71.1,82.3,138.0,171.0,189.9,37.8,294.3,93.6,298.52857142857147,113415.21632653062,232.8,218.025,330.8375,242.1,93.6
195.6,88.2,162.6,442.2,475.2,160.8,576.6,1353.0,153.0,76.8,73.8,80.4,138.0,171.0,190.2,38.4,290.4,94.8,296.22857142857146,112005.15918367347,225.4,221.7,327.825,240.3,94.8
190.5,87.0,172.5,424.5,475.5,166.5,552.0,1353.0,153.0,76.5,76.5,78.5,138.0,171.0,190.5,39.0,286.5,96.0,293.92857142857144,110595.10204081633,218.0,225.375,324.8125,238.5,96.0
185.4,85.8,182.4,406.8,475.8,172.2,527.4,1353.0,153.0,76.2,79.2,76.6,138.0,171.0,190.8,39.6,282.6,97.2,291.62857142857143,109185.04489795919,210.6,229.05,321.8,236.7,97.2
180.3,84.6,192.3,389.1,476.1,177.9,502.79999999999995,1353.0,153.0,75.9,81.9,74.7,138.0,171.0,191.1,40.2,278.7,98.4,289.3285714285714,107774.98775510203,203.2,232.725,318.7875,234.9,98.4
175.2,83.4,202.2,371.4,476.4,183.6,478.2,1353.0,153.0,75.6,84.6,72.8,138.0,171.0,191.4,40.8,274.8,99.6,287.02857142857147,106364.93061224489,195.8,236.4,315.775,233.1,99.6
170.1,82.2,212.10000000000002,353.70000000000005,476.7,189.3,453.6,1353.0,153.0,75.3,87.3,70.9,138.0,171.0,191.7,41.4,270.9,100.8,284.72857142857146,104954.87346938775,188.39999999999998,240.075,312.7625,231.3,100.8
165.0,81.0,222.0,336.0,477.0,195.0,429.0,1353.0,153.0,75.0,90.0,69.0,138.0,171.0,192.0,42.0,267.0,102.0,282.42857142857144,103544.8163265306,181.0,243.75,309.75,229.5,102.0
174.3,83.1,219.0,342.0,446.7,197.1,405.9,1352.5,154.8,77.1,90.0,70.0,134.7,168.9,185.4,45.0,256.5,99.6,279.7214285714286,103028.25765306121,187.1,236.475,306.7375,220.95,99.6
183.6,85.2,216.0,348.0,416.4,199.2,382.8,1352.0,156.6,79.2,90.0,71.0,131.4,166.8,178.8,48.0,246.0,97.2,277.01428571428573,102511.69897959183,193.2,229.2,303.725,212.4,97.2
192.9,87.3,213.0,354.0,386.1,201.3,359.7,1351.5,158.4,81.3,90.0,72.0,128.1,164.7,172.2,51.0,235.5,94.8,274.3071428571429,101995.14030612244,199.3,221.925,300.7125,203.85,94.8
202.2,89.4,210.0,360.0,355.8,203.4,336.6,1351.0,160.2,83.4,90.0,73.0,124.8,162.6,165.6,54.0,225.0,92.4,271.6,101478.58163265305,205.4,214.65,297.7,195.3,92.4
211.5,91.5,207.0,366.0,325.5,205.5,313.5,1350.5,162.0,85.5,90.0,74.0,121.5,160.5,159.0,57.0,214.5,90.0,268.89285714285717,100962.02295918367,211.5,207.375,294.6875,186.75,90.0
220.8,93.6,204.0,372.0,295.2,207.6,290.4,1350.0,163.8,87.6,90.0,75.0,118.2,158.4,152.4,60.0,204.0,87.6,266.1857142857143,100445.46428571428,217.6,200.1,291.675,178.2,87.6
230.10000000000002,95.7,201.0,378.0,264.9,209.7,267.29999999999995,1349.5,165.6,89.7,90.0,76.0,114.9,156.3,145.8,63.0,193.5,85.2,263.47857142857146,99928.90561224488,223.7,192.825,288.6625,169.64999999999998,85.2
239.4,97.8,198.0,384.0,234.6,211.8,244.2,1349.0,167.4,91.8,90.0,77.0,111.6,154.2,139.2,66.0,183.0,82.8,260.7714285714286,99412.34693877549,229.8,185.55,285.65,161.1,82.8
248.7,99.9,195.0,390.0,204.3,213.9,221.1,1348.5,169.2,93.9,90.0,78.0,108.3,152.1,132.6,69.0,172.5,80.4,258.06428571428575,98895.78826530611,235.9,178.27499999999998,282.6375,152.55,80.4
258.0,102.0,192.0,396.0,174.0,216.0,198.0,1348.0,171.0,96.0,90.0,79.0,105.0,150.0,126.0,72.0,162.0,78.0,255.35714285714286,98379.22959183672,242.0,171.0,279.625,144.0,78.0
258.0,118.2,186.3,385.5,179.1,205.8,194.4,1324.2,166.2,96.0,90.4,80.1,99.0,146.1,119.1,72.9,151.8,75.9,252.09285714285716,95129.41275510202,238.8,172.35,274.55,135.45,75.9
258.0,134.4,180.6,375.0,184.2,195.6,190.8,1300.4,161.4,96.0,90.8,81.2,93.0,142.2,112.2,73.8,141.6,73.8,248.82857142857142,91879.59591836734,235.6,173.7,269.475,126.9,73.8
258.0,150.6,174.9,364.5,189.3,185.4,187.2,1276.6,156.6,96.0,91.2,82.3,87.0,138.3,105.3,74.7,131.4,71.7,245.56428571428572,88629.77908163265,232.4,175.05,264.4,118.35,71.7
258.0,166.8,169.2,354.0,194.4,175.2,183.6,1252.8,151.8,96.0,91.6,83.4,81.0,134.4,98.4,75.6,121.2,69.6,242.3,85379.96224489795,229.2,176.4,259.325,109.8,69.6
258.0,183.0,163.5,343.5,199.5,165.0,180.0,1229.0,147.0,96.0,92.0,84.5,75.0,130.5,91.5,76.5,111.0,67.5,239.03571428571428,82130.14540816325,226.0,177.75,254.25,101.25,67.5
258.0,199.2,157.8,333.0,204.6,154.8,176.4,1205.2,142.2,96.0,92.4,85.6,69.0,126.6,84.6,77.4,100.80000000000001,65.4,235.77142857142857,78880.32857142857,222.8,179.1,249.175,92.69999999999999,65.4
258.0,215.39999999999998,152.1,322.5,209.7,144.60000000000002,172.8,1181.4,137.4,96.0,92.8,86.7,63.0,122.7,77.69999999999999,78.3,90.60000000000001,63.3,232.50714285714287,75630.51173469388,219.6,180.45,244.1,84.14999999999999,63.3
258.0,231.6,146.4,312.0,214.8,134.4,169.2,1157.6,132.6,96.0,93.2,87.8,57.0,118.8,70.8,79.2,80.4,61.2,229.24285714285716,72380.69489795918,216.4,181.8,239.025,75.6,61.2
258.0,247.79999999999998,140.7,301.5,219.9,124.2,165.6,1133.8,127.80000000000001,96.0,93.6,88.9,51.0,114.9,63.9,80.1,70.2,59.099999999999994,225.97857142857143,69130.8780612245,213.2,183.15,233.95,67.05,59.099999999999994
258.0,264.0,135.0,291.0,225.0,114.0,162.0,1110.0,123.0,96.0,94.0,90.0,45.0,111.0,57.0,81.0,60.0,57.0,222.71428571428572,65881.06122448981,210.0,184.5,228.875,58.5,57.0
249.3,261.0,133.2,287.4,223.2,109.5,162.0,1110.0,123.0,93.7,91.5,90.1,48.9,111.0,66.9,79.8,63.6,59.1,220.9857142857143,65941.02244897961,205.5,181.725,228.775,65.25,59.1
240.6,258.0,131.4,283.8,221.4,105.0,162.0,1110.0,123.0,91.4,89.0,90.2,52.8,111.0,76.8,78.6,67.2,61.2,219.25714285714287,66000.9836734694,201.0,178.95,228.675,72.0,61.2
231.9,255.0,129.6,280.2,219.6,100.5,162.0,1110.0,123.0,89.1,86.5,90.3,56.7,111.0,86.7,77.4,70.8,63.3,217.52857142857144,66060.94489795918,196.5,176.175,228.575,78.75,63.3
223.2,252.0,127.8,276.6,217.8,96.0,162.0,1110.0,123.0,86.8,84.0,90.4,60.6,111.0,96.6,76.2,74.4,65.4,215.8,66120.90612244899,192.0,173.4,228.475,85.5,65.4
214.5,249.0,126.0,273.0,216.0,91.5,162.0,1110.0,123.0,84.5,81.5,90.5,64.5,111.0,106.5,75.0,78.0,67.5,214.07142857142856,66180.86734693879,187.5,170.625,228.375,92.25,67.5
205.8,246.0,124.2,269.4,214.2,87.0,162.0,1110.0,123.0,82.2,79.0,90.6,68.4,111.0,116.4,73.8,81.6,69.6,212.34285714285713,66240.82857142857,183.0,167.85,228.275,99.0,69.6
197.10000000000002,243.0,122.4,265.8,212.4,82.5,162.0,1110.0,123.0,79.9,76.5,90.7,72.3,111.0,126.3,72.6,85.2,71.7,210.6142857142857,66300.78979591836,178.5,165.075,228.175,105.75,71.7
188.4,240.0,120.6,262.2,210.6,78.0,162.0,1110.0,123.0,77.6,74.0,90.8,76.2,111.0,136.2,71.4,88.8,73.8,208.88571428571427,66360.75102040816,174.0,162.3,228.075,112.5,73.8
179.7,237.0,118.8,258.6,208.8,73.5,162.0,1110.0,123.0,75.3,71.5,90.9,80.1,111.0,146.10000000000002,70.2,92.4,75.9,207.15714285714284,66420.71224489796,169.5,159.525,227.975,119.25,75.9
171.0,234.0,117.0,255.0,207.0,69.0,162.0,1110.0,123.0,73.0,69.0,91.0,84.0,111.0,156.0,69.0,96.0,78.0,205.42857142857142,66480.67346938775,165.0,156.75,227.875,126.0,78.0
171.0,217.5,126.0,240.0,208.8,71.7,163.3,1063.2,127.2,70.8,68.4,91.2,82.8,108.1,156.3,68.1,93.6,80.4,200.7142857142857,61933.29795918367,159.7,156.0,221.875,124.95,80.4
171.0,201.0,135.0,225.0,210.6,74.4,164.6,1016.4,131.4,68.6,67.8,91.4,81.6,105.2,156.6,67.2,91.2,82.8,196.0,57385.92244897959,154.4,155.25,215.875,123.9,82.8
171.0,184.5,144.0,210.0,212.4,77.1,165.9,969.6,135.6,66.4,67.2,91.6,80.4,102.3,156.9,66.3,88.8,85.2,191.28571428571428,52838.54693877551,149.1,154.5,209.875,122.85,85.2
171.0,168.0,153.0,195.0,214.2,79.8,167.2,922.8,139.8,64.2,66.6,91.8,79.2,99.4,157.2,65.4,86.4,87.6,186.57142857142856,48291.171428571426,143.8,153.75,203.875,121.8,87.6
171.0,151.5,162.0,180.0,216.0,82.5,168.5,876.0,144.0,62.0,66.0,92.0,78.0,96.5,157.5,64.5,84.0,90.0,181.85714285714283,43743.795918367345,138.5,153.0,197.875,120.75,90.0
171.0,135.0,171.0,165.0,217.8,85.2,169.8,829.2,148.2,59.8,65.4,92.2,76.8,93.6,157.8,63.6,81.6,92.4,177.14285714285714,39196.42040816326,133.2,152.25,191.875,119.7,92.4
171.0,118.5,180.0,150.0,219.6,87.9,171.1,782.4000000000001,152.4,57.599999999999994,64.8,92.4,75.6,90.7,158.1,62.7,79.2,94.8,172.42857142857142,34649.04489795918,127.9,151.5,185.875,118.65,94.8
171.0,102.0,189.0,135.0,221.4,90.6,172.4,735.6,156.6,55.4,64.2,92.6,74.4,87.8,158.4,61.8,76.8,97.2,167.71428571428572,30101.6693877551,122.6,150.75,179.875,117.6,97.2
171.0,85.5,198.0,120.0,223.2,93.3,173.7,688.8,160.8,53.2,63.6,92.8,73.2,84.9,158.7,60.9,74.4,99.6,163.0,25554.29387755102,117.30000000000001,150.0,173.875,116.55,99.6
171.0,69.0,207.0,105.0,225.0,96.0,175.0,642.0,165.0,51.0,63.0,93.0,72.0,82.0,159.0,60.0,72.0,102.0,158.28571428571428,21006.918367346934,112.0,149.25,167.875,115.5,102.0
166.8,72.6,205.8,105.0,219.0,99.0,169.2,599.1,164.7,51.0,67.2,91.3,72.0,81.0,156.3,57.0,71.4,98.7,154.54999999999998,19121.633163265302,109.6,149.1,161.9375,113.85,98.7
162.6,76.2,204.6,105.0,213.0,102.0,163.4,556.2,164.4,51.0,71.4,89.6,72.0,80.0,153.6,54.0,70.8,95.4,150.81428571428572,17236.34795918367,107.2,148.95,156.0,112.2,95.4
158.4,79.8,203.4,105.0,207.0,105.0,157.6,513.3,164.1,51.0,75.6,87.9,72.0,79.0,150.9,51.0,70.2,92.1,147.07857142857142,15351.062755102037,104.8,148.8,150.0625,110.55,92.1
154.2,83.4,202.2,105.0,201.0,108.0,151.8,470.4,163.8,51.0,79.8,86.2,72.0,78.0,148.2,48.0,69.6,88.8,143.34285714285713,13465.777551020405,102.4,148.65,144.125,108.9,88.8
150.0,87.0,201.0,105.0,195.0,111.0,146.0,427.5,163.5,51.0,84.0,84.5,72.0,77.0,145.5,45.0,69.0,85.5,139.60714285714286,11580.492346938772,100.0,148.5,138.1875,107.25,85.5
145.8,90.6,199.8,105.0,189.0,114.0,140.2,384.6,163.2,51.0,88.2,82.8,72.0,76.0,142.8,42.0,68.4,82.2,135.87142857142857,9695.20714285714,97.6,148.35,132.25,105.6,82.2
141.6,94.2,198.6,105.0,183.0,117.0,134.4,341.7,162.9,51.0,92.4,81.1,72.0,75.0,140.1,39.0,67.8,78.9,132.13571428571427,7809.921938775507,95.2,148.2,126.3125,103.95,78.9
137.4,97.8,197.4,105.0,177.0,120.0,128.6,298.8,162.6,51.0,96.6,79.4,72.0,74.0,137.4,36.0,67.2,75.6,128.4,5924.636734693875,92.8,148.05,120.375,102.3,75.6
133.2,101.4,196.2,105.0,171.0,123.0,122.80000000000001,255.90000000000003,162.3,51.0,100.80000000000001,77.7,72.0,73.0,134.7,33.0,66.6,72.3,124.66428571428571,4039.3515306122426,90.4,147.9,114.4375,100.65,72.3
129.0,105.0,195.0,105.0,165.0,126.0,117.0,213.0,162.0,51.0,105.0,76.0,72.0,72.0,132.0,30.0,66.0,69.0,120.92857142857143,2154.0663265306116,88.0,147.75,108.5,99.0,69.0
125.1,107.1,183.0,130.5,153.0,126.3,122.4,213.0,162.0,52.5,105.9,74.4,72.0,72.0,130.2,30.9,69.0,68.1,121.37142857142857,2581.7969387755097,95.5,142.35,109.275,99.6,68.1
121.2,109.2,171.0,156.0,141.0,126.6,127.8,213.0,162.0,54.0,106.8,72.8,72.0,72.0,128.4,31.8,72.0,67.2,121.81428571428572,3009.5275510204074,103.0,136.95,110.05,100.2,67.2
117.3,111.3,159.0,181.5,129.0,126.9,133.2,213.0,162.0,55.5,107.7,71.2,72.0,72.0,126.6,32.7,75.0,66.3,122.25714285714287,3437.2581632653055,110.5,131.55,110.825,100.8,66.3
113.4,113.4,147.0,207.0,117.0,127.2,138.6,213.0,162.0,57.0,108.6,69.6,72.0,72.0,124.8,33.6,78.0,65.4,122.7,3864.9887755102036,118.0,126.15,111.6,101.4,65.4
109.5,115.5,135.0,232.5,105.0,127.5,144.0,213.0,162.0,58.5,109.5,68.0,72.0,72.0,123.0,34.5,81.0,64.5,123.14285714285714,4292.719387755102,125.5,120.75,112.375,102.0,64.5
105.6,117.6,123.0,258.0,93.0,127.8,149.4,213.0,162.0,60.0,110.4,66.4,72.0,72.0,121.2,35.4,84.0,63.6,123.58571428571429,4720.449999999999,133.0,115.35,113.15,102.6,63.6
101.7,119.7,111.0,283.5,81.0,128.1,154.8,213.0,162.0,61.5,111.3,64.8,72.0,72.0,119.4,36.3,87.0,62.7,124.02857142857144,5148.180612244897,140.5,109.94999999999999,113.925,103.2,62.7
97.8,121.8,99.0,309.0,69.0,128.4,160.2,213.0,162.0,63.0,112.2,63.2,72.0,72.0,117.6,37.2,90.0,61.8,124.47142857142858,5575.911224489795,148.0,104.55,114.7,103.8,61.8
93.9,123.9,87.0,334.5,57.0,128.7,165.6,213.0,162.0,64.5,113.1,61.6,72.0,72.0,115.8,38.1,93.0,60.9,124.91428571428571,6003.641836734693,155.5,99.15,115.475,104.4,60.9
90.0,126.0,75.0,360.0,45.0,129.0,171.0,213.0,162.0,66.0,114.0,60.0,72.0,72.0,114.0,39.0,96.0,60.0,125.35714285714286,6431.37244897959,163.0,93.75,116.25,105.0,60.0
90.0,135.9,81.6,355.8,47.1,126.6,170.1,210.7,164.4,65.4,114.0,63.9,71.1,74.2,109.5,42.6,95.1,61.8,126.4857142857143,6287.201020408162,162.8,97.8,116.725,102.3,61.8
90.0,145.8,88.2,351.6,49.2,124.2,169.2,208.4,166.8,64.8,114.0,67.8,70.2,76.4,105.0,46.2,94.2,63.6,127.61428571428571,6143.029591836734,162.6,101.85,117.2,99.6,63.6
90.0,155.7,94.8,347.4,51.3,121.8,168.3,206.1,169.2,64.2,114.0,71.7,69.3,78.6,100.5,49.8,93.3,65.4,128.74285714285713,5998.858163265305,162.4,105.9,117.675,96.9,65.4
90.0,165.6,101.4,343.2,53.4,119.4,167.4,203.8,171.6,63.6,114.0,75.6,68.4,80.8,96.0,53.4,92.4,67.2,129.87142857142857,5854.686734693877,162.2,109.95,118.15,94.2,67.2
90.0,175.5,108.0,339.0,55.5,117.0,166.5,201.5,174.0,63.0,114.0,79.5,67.5,83.0,91.5,57.0,91.5,69.0,131.0,5710.515306122448,162.0,114.0,118.625,91.5,69.0
90.0,185.4,114.6,334.8,57.6,114.6,165.6,199.2,176.4,62.4,114.0,83.4,66.6,85.2,87.0,60.6,90.6,70.8,132.12857142857143,5566.34387755102,161.8,118.05,119.1,88.8,70.8
90.0,195.3,121.19999999999999,330.6,59.7,112.2,164.7,196.9,178.8,61.8,114.0,87.3,65.7,87.4,82.5,64.2,89.7,72.6,133.25714285714287,5422.1724489795915,161.6,122.1,119.575,86.1,72.6
90.0,205.2,127.8,326.4,61.8,109.8,163.8,194.6,181.2,61.2,114.0,91.2,64.8,89.6,78.0,67.8,88.8,74.4,134.38571428571427,5278.001020408163,161.4,126.15,120.05,83.4,74.4
90.0,215.10000000000002,134.4,322.2,63.900000000000006,107.4,162.9,192.3,183.6,60.6,114.0,95.1,63.9,91.8,73.5,71.4,87.9,76.2,135.5142857142857,5133.829591836735,161.2,130.2,120.525,80.7,76.2
90.0,225.0,141.0,318.0,66.0,105.0,162.0,190.0,186.0,60.0,114.0,99.0,63.0,94.0,69.0,75.0,87.0,78.0,136.64285714285714,4989.658163265306,161.0,134.25,121.0,78.0,78.0
97.5,237.3,137.1,296.1,72.6,108.3,153.0,191.4,174.3,60.0,111.3,102.9,59.4,90.0,70.2,72.6,85.2,78.0,135.0857142857143,5099.2989795918365,155.4,138.825,117.7875,77.7,78.0
105.0,249.6,133.2,274.2,79.2,111.6,144.0,192.8,162.6,60.0,108.6,106.8,55.8,86.0,71.4,70.2,83.4,78.0,133.5285714285714,5208.939795918368,149.8,143.4,114.575,77.4,78.0
112.5,261.9,129.3,252.3,85.8,114.9,135.0,194.2,150.9,60.0,105.9,110.7,52.2,82.0,72.6,67.8,81.6,78.0,131.97142857142856,5318.5806122448985,144.2,147.975,111.3625,77.1,78.0
120.0,274.2,125.4,230.4,92.4,118.2,126.0,195.6,139.2,60.0,103.2,114.6,48.6,78.0,73.8,65.4,79.8,78.0,130.4142857142857,5428.221428571429,138.6,152.55,108.15,76.8,78.0
127.5,286.5,121.5,208.5,99.0,121.5,117.0,197.0,127.5,60.0,100.5,118.5,45.0,74.0,75.0,63.0,78.0,78.0,128.85714285714286,5537.86224489796,133.0,157.125,104.9375,76.5,78.0
135.0,298.8,117.6,186.60000000000002,105.6,124.8,108.0,198.4,115.80000000000001,60.0,97.8,122.4,41.4,70.0,76.2,60.6,76.2,78.0,127.3,5647.503061224491,127.4,161.7,101.725,76.2,78.0
142.5,311.1,113.7,164.70000000000002,112.19999999999999,128.1,99.0,199.8,104.10000000000001,60.0,95.1,126.3,37.8,66.0,77.4,58.2,74.4,78.0,125.74285714285713,5757.143877551021,121.80000000000001,166.275,98.5125,75.9,78.0
150.0,323.4,109.8,142.8,118.8,131.4,90.0,201.2,92.4,60.0,92.4,130.2,34.2,62.0,78.6,55.8,72.6,78.0,124.18571428571428,5866.784693877552,116.2,170.85,95.3,75.6,78.0
157.5,335.7,105.9,120.9,125.4,134.7,81.0,202.6,80.7,60.0,89.7,134.1,30.6,58.0,79.8,53.400000000000006,70.8,78.0,122.62857142857143,5976.425510204083,110.6,175.425,92.0875,75.3,78.0
165.0,348.0,102.0,99.0,132.0,138.0,72.0,204.0,69.0,60.0,87.0,138.0,27.0,54.0,81.0,51.0,69.0,78.0,121.07142857142857,6086.066326530614,105.0,180.0,88.875,75.0,78.0
165.0,328.8,106.8,99.6,129.0,132.3,72.0,204.0,69.0,62.2,81.3,134.1,29.7,54.0,89.1,53.1,65.7,78.0,119.12857142857143,5707.682653061226,105.9,174.225,88.2875,77.4,78.0
165.0,309.6,111.6,100.2,126.0,126.6,72.0,204.0,69.0,64.4,75.6,130.2,32.4,54.0,97.2,55.2,62.4,78.0,117.18571428571428,5329.298979591838,106.8,168.45,87.7,79.8,78.0
165.0,290.4,116.4,100.8,123.0,120.9,72.0,204.0,69.0,66.6,69.9,126.3,35.1,54.0,105.3,57.3,59.1,78.0,115.24285714285713,4950.91530612245,107.7,162.675,87.1125,82.2,78.0
165.0,271.2,121.2,101.4,120.0,115.2,72.0,204.0,69.0,68.8,64.2,122.4,37.8,54.0,113.4,59.4,55.8,78.0,113.3,4572.531632653063,108.6,156.9,86.525,84.6,78.0
165.0,252.0,126.0,102.0,117.0,109.5,72.0,204.0,69.0,71.0,58.5,118.5,40.5,54.0,121.5,61.5,52.5,78.0,111.35714285714286,4194.147959183674,109.5,151.125,85.9375,87.0,78.0
165.0,232.8,130.8,102.6,114.0,103.8,72.0,204.0,69.0,73.2,52.8,114.6,43.2,54.0,129.6,63.6,49.2,78.0,109.41428571428571,3815.7642857142864,110.4,145.35,85.35,89.4,78.0
165.0,213.6,135.6,103.2,111.0,98.1,72.0,204.0,69.0,75.4,47.1,110.7,45.900000000000006,54.0,137.7,65.7,45.900000000000006,78.0,107.47142857142856,3437.3806122448987,111.3,139.575,84.7625,91.8,78.0
165.0,194.4,140.4,103.8,108.0,92.4,72.0,204.0,69.0,77.6,41.4,106.8,48.6,54.0,145.8,67.8,42.6,78.0,105.52857142857142,3058.996938775511,112.2,133.8,84.175,94.2,78.0
165.0,175.20000000000002,145.2,104.4,105.0,86.69999999999999,72.0,204.0,69.0,79.8,35.699999999999996,102.9,51.3,54.0,153.89999999999998,69.9,39.3,78.0,103.58571428571429,2680.613265306123,113.1,128.025,83.5875,96.6,78.0
165.0,156.0,150.0,105.0,102.0,81.0,72.0,204.0,69.0,82.0,30.0,99.0,54.0,54.0,162.0,72.0,36.0,78.0,101.64285714285714,2302.229591836735,114.0,122.25,83.0,99.0,78.0
155.4,152.4,150.3,108.0,98.4,75.9,76.0,200.4,72.3,82.8,31.2,95.1,55.8,58.5,159.6,75.0,43.5,78.0,100.89285714285714,2226.2331632653063,112.8,119.25,84.0125,101.55,78.0
145.8,148.8,150.6,111.0,94.8,70.8,80.0,196.8,75.6,83.6,32.4,91.2,57.6,63.0,157.2,78.0,51.0,78.0,100.14285714285714,2150.2367346938777,111.6,116.25,85.025,104.1,78.0
136.2,145.2,150.9,114.0,91.2,65.7,84.0,193.2,78.9,84.4,33.6,87.3,59.4,67.5,154.8,81.0,58.5,78.0,99.39285714285714,2074.240306122449,110.4,113.25,86.0375,106.65,78.0
126.6,141.6,151.2,117.0,87.6,60.6,88.0,189.6,82.2,85.2,34.8,83.4,61.2,72.0,152.4,84.0,66.0,78.0,98.64285714285714,1998.2438775510204,109.2,110.25,87.05,109.2,78.0
117.0,138.0,151.5,120.0,84.0,55.5,92.0,186.0,85.5,86.0,36.0,79.5,63.0,76.5,150.0,87.0,73.5,78.0,97.89285714285714,1922.2474489795918,108.0,107.25,88.0625,111.75,78.0
107.4,134.4,151.8,123.0,80.4,50.400000000000006,96.0,182.4,88.8,86.8,37.2,75.6,64.8,81.0,147.6,90.0,81.0,78.0,97.14285714285714,1846.2510204081634,106.8,104.25,89.075,114.3,78.0
97.8,130.8,152.1,126.0,76.8,45.300000000000004,100.0,178.8,92.1,87.6,38.4,71.7,66.6,85.5,145.2,93.0,88.5,78.0,96.39285714285714,1770.2545918367348,105.6,101.25,90.0875,116.85,78.0
88.2,127.2,152.4,129.0,73.2,40.2,104.0,175.2,95.4,88.4,39.6,67.8,68.4,90.0,142.8,96.0,96.0,78.0,95.64285714285714,1694.2581632653062,104.4,98.25,91.1,119.4,78.0
78.60000000000001,123.6,152.7,132.0,69.6,35.1,108.0,171.6,98.7,89.2,40.8,63.9,70.2,94.5,140.4,99.0,103.5,78.0,94.89285714285714,1618.2617346938775,103.2,95.25,92.1125,121.95,78.0
69.0,120.0,153.0,135.0,66.0,30.0,112.0,168.0,102.0,90.0,42.0,60.0,72.0,99.0,138.0,102.0,111.0,78.0,94.14285714285714,1542.265306122449,102.0,92.25,93.125,124.5,78.0
72.3,115.8,146.4,143.7,68.7,30.3,104.4,161.4,106.5,90.0,42.0,62.2,74.7,102.6,137.7,99.0,112.2,85.5,94.35714285714286,1610.9591836734694,105.0,90.3,92.975,124.95,85.5
75.6,111.6,139.8,152.4,71.4,30.6,96.8,154.8,111.0,90.0,42.0,64.4,77.4,106.2,137.4,96.0,113.4,93.0,94.57142857142857,1679.6530612244896,108.0,88.35,92.825,125.4,93.0
78.9,107.4,133.2,161.1,74.1,30.9,89.2,148.2,115.5,90.0,42.0,66.6,80.1,109.8,137.1,93.0,114.6,100.5,94.78571428571428,1748.3469387755101,111.0,86.4,92.675,125.85,100.5
82.2,103.2,126.6,169.8,76.8,31.2,81.6,141.6,120.0,90.0,42.0,68.8,82.8,113.4,136.8,90.0,115.8,108.0,95.0,1817.0408163265306,114.0,84.45,92.525,126.3,108.0
85.5,99.0,120.0,178.5,79.5,31.5,74.0,135.0,124.5,90.0,42.0,71.0,85.5,117.0,136.5,87.0,117.0,115.5,95.21428571428572,1885.7346938775509,117.0,82.5,92.375,126.75,115.5
88.8,94.8,113.4,187.2,82.2,31.8,66.4,128.4,129.0,90.0,42.0,73.2,88.2,120.6,136.2,84.0,118.2,123.0,95.42857142857143,1954.4285714285713,120.0,80.55,92.225,127.2,123.0
92.1,90.6,106.80000000000001,195.89999999999998,84.9,32.1,58.800000000000004,121.80000000000001,133.5,90.0,42.0,75.4,90.9,124.2,135.9,81.0,119.4,130.5,95.64285714285714,2023.1224489795918,123.0,78.6,92.075,127.65,130.5
95.4,86.4,100.2,204.6,87.6,32.4,51.2,115.2,138.0,90.0,42.0,77.6,93.6,127.8,135.6,78.0,120.6,138.0,95.85714285714286,2091.816326530612,126.0,76.65,91.925,128.1,138.0
98.7,82.19999999999999,93.6,213.3,90.3,32.7,43.60000000000001,108.6,142.5,90.0,42.0,79.8,96.3,131.4,135.3,75.0,121.8,145.5,96.07142857142858,2160.5102040816328,129.0,74.7,91.775,128.55,145.5
102.0,78.0,87.0,222.0,93.0,33.0,36.0,102.0,147.0,90.0,42.0,82.0,99.0,135.0,135.0,72.0,123.0,153.0,96.28571428571429,2229.204081632653,132.0,72.75,91.625,129.0,153.0
101.7,83.7,90.9,221.1,97.8,39.3,39.6,102.0,147.0,89.5,46.2,84.3,99.0,135.0,138.6,66.6,120.0,144.6,98.36428571428571,2127.833163265306,129.8,77.925,92.825,129.3,144.6
101.4,89.4,94.8,220.2,102.6,45.6,43.2,102.0,147.0,89.0,50.4,86.6,99.0,135.0,142.2,61.2,117.0,136.2,100.44285714285715,2026.4622448979592,127.6,83.1,94.025,129.6,136.2
101.1,95.1,98.7,219.3,107.4,51.9,46.8,102.0,147.0,88.5,54.6,88.9,99.0,135.0,145.8,55.8,114.0,127.8,102.52142857142857,1925.0913265306122,125.4,88.275,95.225,129.9,127.8
100.8,100.8,102.6,218.4,112.2,58.2,50.4,102.0,147.0,88.0,58.8,91.2,99.0,135.0,149.4,50.4,111.0,119.4,104.60000000000001,1823.7204081632651,123.2,93.45,96.425,130.2,119.4
100.5,106.5,106.5,217.5,117.0,64.5,54.0,102.0,147.0,87.5,63.0,93.5,99.0,135.0,153.0,45.0,108.0,111.0,106.67857142857143,1722.349489795918,121.0,98.625,97.625,130.5,111.0
100.2,112.2,110.4,216.6,121.8,70.8,57.6,102.0,147.0,87.0,67.2,95.8,99.0,135.0,156.6,39.599999999999994,105.0,102.6,108.75714285714287,1620.9785714285713,118.8,103.8,98.825,130.8,102.6
99.9,117.9,114.3,215.7,126.6,77.1,61.2,102.0,147.0,86.5,71.4,98.1,99.0,135.0,160.2,34.199999999999996,102.0,94.19999999999999,110.83571428571429,1519.6076530612243,116.6,108.975,100.025,131.1,94.19999999999999
99.6,123.6,118.2,214.8,131.4,83.4,64.8,102.0,147.0,86.0,75.6,100.4,99.0,135.0,163.8,28.799999999999997,99.0,85.8,112.91428571428571,1418.2367346938772,114.4,114.15,101.225,131.4,85.8
99.3,129.3,122.1,213.9,136.2,89.69999999999999,68.4,102.0,147.0,85.5,79.80000000000001,102.7,99.0,135.0,167.4,23.4,96.0,77.39999999999999,114.99285714285715,1316.8658163265304,112.2,119.32499999999999,102.425,131.7,77.39999999999999
99.0,135.0,126.0,213.0,141.0,96.0,72.0,102.0,147.0,85.0,84.0,105.0,99.0,135.0,171.0,18.0,93.0,69.0,117.07142857142857,1215.4948979591834,110.0,124.5,103.625,132.0,69.0
105.3,130.8,127.2,204.3,133.2,101.1,70.2,105.9,145.9,82.8,84.0,103.9,98.2,134.5,171.3,22.5,97.5,71.1,116.23571428571428,1210.1086734693874,110.7,123.075,103.175,134.4,71.1
111.6,126.6,128.4,195.6,125.4,106.2,68.4,109.8,144.8,80.6,84.0,102.8,97.4,134.0,171.6,27.0,102.0,73.2,115.39999999999999,1204.7224489795915,111.4,121.65,102.725,136.8,73.2
117.9,122.4,129.6,186.9,117.6,111.3,66.6,113.7,143.7,78.4,84.0,101.7,96.6,133.5,171.9,31.5,106.5,75.3,114.56428571428572,1199.3362244897958,112.1,120.225,102.275,139.2,75.3
124.2,118.2,130.8,178.2,109.8,116.4,64.8,117.6,142.6,76.2,84.0,100.6,95.8,133.0,172.2,36.0,111.0,77.4,113.72857142857143,1193.9499999999998,112.8,118.8,101.825,141.6,77.4
130.5,114.0,132.0,169.5,102.0,121.5,63.0,121.5,141.5,74.0,84.0,99.5,95.0,132.5,172.5,40.5,115.5,79.5,112.89285714285714,1188.5637755102039,113.5,117.375,101.375,144.0,79.5
136.8,109.8,133.2,160.8,94.2,126.6,61.2,125.4,140.4,71.8,84.0,98.4,94.2,132.0,172.8,45.0,120.0,81.6,112.05714285714285,1183.177551020408,114.2,115.95,100.925,146.4,81.6
143.1,105.6,134.4,152.10000000000002,86.4,131.7,59.4,129.3,139.3,69.6,84.0,97.3,93.4,131.5,173.1,49.5,124.5,83.7,111.22142857142856,1177.791326530612,114.9,114.525,100.475,148.8,83.7
149.4,101.4,135.6,143.4,78.6,136.8,57.6,133.2,138.2,67.4,84.0,96.2,92.6,131.0,173.4,54.0,129.0,85.8,110.38571428571429,1172.4051020408162,115.6,113.1,100.025,151.2,85.8
155.7,97.19999999999999,136.8,134.7,70.8,141.9,55.8,137.1,137.1,65.2,84.0,95.1,91.8,130.5,173.7,58.5,133.5,87.9,109.55,1167.0188775510203,116.3,111.675,99.575,153.6,87.9
162.0,93.0,138.0,126.0,63.0,147.0,54.0,141.0,136.0,63.0,84.0,94.0,91.0,130.0,174.0,63.0,138.0,90.0,108.71428571428571,1161.6326530612243,117.0,110.25,99.125,156.0,90.0
159.6,90.9,136.5,128.1,63.0,145.5,57.6,148.5,132.3,63.0,86.2,93.0,90.9,126.9,172.5,59.7,140.1,88.2,108.71428571428571,1199.8612244897959,115.8,108.975,99.8,156.3,88.2
157.2,88.8,135.0,130.2,63.0,144.0,61.2,156.0,128.6,63.0,88.4,92.0,90.8,123.8,171.0,56.4,142.2,86.4,108.71428571428571,1238.0897959183674,114.6,107.7,100.475,156.6,86.4
154.8,86.7,133.5,132.3,63.0,142.5,64.8,163.5,124.9,63.0,90.6,91.0,90.7,120.7,169.5,53.1,144.3,84.6,108.71428571428571,1276.3183673469387,113.4,106.425,101.15,156.9,84.6
152.4,84.6,132.0,134.4,63.0,141.0,68.4,171.0,121.2,63.0,92.8,90.0,90.6,117.6,168.0,49.8,146.4,82.8,108.71428571428571,1314.5469387755102,112.2,105.15,101.825,157.2,82.8
150.0,82.5,130.5,136.5,63.0,139.5,72.0,178.5,117.5,63.0,95.0,89.0,90.5,114.5,166.5,46.5,148.5,81.0,108.71428571428571,1352.7755102040817,111.0,103.875,102.5,157.5,81.0
147.6,80.4,129.0,138.6,63.0,138.0,75.6,186.0,113.8,63.0,97.2,88.0,90.4,111.4,165.0,43.2,150.6,79.2,108.71428571428571,1391.0040816326532,109.8,102.6,103.175,157.8,79.2
145.2,78.3,127.5,140.7,63.0,136.5,79.2,193.5,110.1,63.0,99.4,87.0,90.3,108.3,163.5,39.900000000000006,152.7,77.4,108.71428571428571,1429.2326530612247,108.6,101.325,103.85,158.1,77.4
142.8,76.2,126.0,142.8,63.0,135.0,82.8,201.0,106.4,63.0,101.6,86.0,90.2,105.2,162.0,36.6,154.8,75.6,108.71428571428571,1467.4612244897962,107.4,100.05,104.525,158.4,75.6
140.4,74.1,124.5,144.9,63.0,133.5,86.4,208.5,102.69999999999999,63.0,103.8,85.0,90.1,102.1,160.5,33.3,156.9,73.8,108.71428571428571,1505.6897959183675,106.2,98.775,105.2,158.7,73.8
138.0,72.0,123.0,147.0,63.0,132.0,90.0,216.0,99.0,63.0,106.0,84.0,90.0,99.0,159.0,30.0,159.0,72.0,108.71428571428571,1543.918367346939,105.0,97.5,105.875,159.0,72.0
135.0,76.2,120.0,146.1,72.0,127.5,90.0,216.0,99.0,65.8,102.6,81.3,89.1,99.0,157.8,31.8,153.6,66.9,108.54285714285714,1537.2265306122451,104.3,98.925,105.35,155.7,66.9
132.0,80.4,117.0,145.2,81.0,123.0,90.0,216.0,99.0,68.6,99.2,78.6,88.2,99.0,156.6,33.6,148.2,61.8,108.37142857142857,1530.5346938775513,103.6,100.35,104.825,152.4,61.8
129.0,84.6,114.0,144.3,90.0,118.5,90.0,216.0,99.0,71.4,95.8,75.9,87.3,99.0,155.4,35.4,142.8,56.7,108.19999999999999,1523.8428571428574,102.9,101.775,104.3,149.1,56.7
126.0,88.8,111.0,143.4,99.0,114.0,90.0,216.0,99.0,74.2,92.4,73.2,86.4,99.0,154.2,37.2,137.4,51.6,108.02857142857142,1517.1510204081635,102.2,103.2,103.775,145.8,51.6
123.0,93.0,108.0,142.5,108.0,109.5,90.0,216.0,99.0,77.0,89.0,70.5,85.5,99.0,153.0,39.0,132.0,46.5,107.85714285714286,1510.4591836734694,101.5,104.625,103.25,142.5,46.5
120.0,97.2,105.0,141.6,117.0,105.0,90.0,216.0,99.0,79.8,85.6,67.8,84.6,99.0,151.8,40.8,126.6,41.400000000000006,107.68571428571428,1503.7673469387755,100.8,106.05,102.725,139.2,41.400000000000006
117.0,101.4,102.0,140.7,126.0,100.5,90.0,216.0,99.0,82.6,82.2,65.1,83.7,99.0,150.6,42.6,121.19999999999999,36.300000000000004,107.5142857142857,1497.0755102040816,100.1,107.475,102.2,135.9,36.300000000000004
114.0,105.6,99.0,139.8,135.0,96.0,90.0,216.0,99.0,85.4,78.8,62.4,82.8,99.0,149.4,44.4,115.8,31.200000000000003,107.34285714285714,1490.3836734693878,99.4,108.9,101.675,132.6,31.200000000000003
111.0,109.80000000000001,96.0,138.9,144.0,91.5,90.0,216.0,99.0,88.2,75.4,59.7,81.9,99.0,148.2,46.2,110.4,26.1,107.17142857142858,1483.6918367346939,98.7,110.325,101.15,129.3,26.1
108.0,114.0,93.0,138.0,153.0,87.0,90.0,216.0,99.0,91.0,72.0,57.0,81.0,99.0,147.0,48.0,105.0,21.0,107.0,1477.0,98.0,111.75,100.625,126.0,21.0
103.5,115.2,93.3,130.5,155.1,84.9,91.8,210.7,102.0,92.7,70.8,54.3,75.6,96.7,141.0,50.7,104.1,26.1,105.50714285714285,1518.7637755102041,94.9,112.125,99.325,122.55,26.1
99.0,116.4,93.6,123.0,157.2,82.8,93.6,205.4,105.0,94.4,69.6,51.6,70.2,94.4,135.0,53.4,103.2,31.2,104.01428571428572,1560.5275510204083,91.8,112.5,98.025,119.1,31.2
94.5,117.6,93.9,115.5,159.3,80.7,95.4,200.1,108.0,96.1,68.4,48.9,64.8,92.1,129.0,56.1,102.3,36.3,102.52142857142857,1602.2913265306122,88.7,112.875,96.725,115.65,36.3
90.0,118.8,94.2,108.0,161.4,78.6,97.2,194.8,111.0,97.8,67.2,46.2,59.4,89.8,123.0,58.8,101.4,41.4,101.02857142857142,1644.0551020408163,85.6,113.25,95.425,112.2,41.4
85.5,120.0,94.5,100.5,163.5,76.5,99.0,189.5,114.0,99.5,66.0,43.5,54.0,87.5,117.0,61.5,100.5,46.5,99.53571428571428,1685.8188775510205,82.5,113.625,94.125,108.75,46.5
81.0,121.2,94.8,93.0,165.6,74.4,100.8,184.2,117.0,101.2,64.8,40.8,48.599999999999994,85.2,111.0,64.2,99.6,51.599999999999994,98.04285714285714,1727.5826530612246,79.4,114.0,92.825,105.3,51.599999999999994
76.5,122.4,95.1,85.5,167.7,72.3,102.6,178.9,120.0,102.9,63.6,38.099999999999994,43.199999999999996,82.9,105.0,66.9,98.7,56.699999999999996,96.55,1769.3464285714288,76.3,114.375,91.525,101.85,56.699999999999996
72.0,123.6,95.4,78.0,169.8,70.2,104.4,173.6,123.0,104.6,62.4,35.4,37.8,80.6,99.0,69.6,97.8,61.8,95.05714285714285,1811.1102040816327,73.2,114.75,90.225,98.4,61.8
67.5,124.8,95.7,70.5,171.9,68.1,106.2,168.3,126.0,106.3,61.2,32.7,32.4,78.3,93.0,72.3,96.9,66.9,93.56428571428572,1852.8739795918368,70.1,115.125,88.925,94.95,66.9
63.0,126.0,96.0,63.0,174.0,66.0,108.0,163.0,129.0,108.0,60.0,30.0,27.0,76.0,87.0,75.0,96.0,72.0,92.07142857142857,1894.637755102041,67.0,115.5,87.625,91.5,72.0
65.7,125.1,95.7,60.3,168.6,63.3,108.0,154.5,130.8,108.0,60.9,33.7,33.6,73.8,92.1,74.4,98.1,75.9,91.57142857142857,1800.537755102041,66.8,113.175,87.9125,95.1,75.9
68.4,124.2,95.4,57.6,163.2,60.6,108.0,146.0,132.6,108.0,61.8,37.4,40.2,71.6,97.2,73.8,100.2,79.8,91.07142857142857,1706.437755102041,66.6,110.85,88.2,98.7,79.8
71.1,123.3,95.1,54.9,157.8,57.9,108.0,137.5,134.4,108.0,62.7,41.1,46.8,69.4,102.3,73.2,102.3,83.7,90.57142857142857,1612.337755102041,66.4,108.525,88.4875,102.3,83.7
73.8,122.4,94.8,52.2,152.4,55.2,108.0,129.0,136.2,108.0,63.6,44.8,53.4,67.2,107.4,72.6,104.4,87.6,90.07142857142857,1518.2377551020409,66.2,106.2,88.775,105.9,87.6
76.5,121.5,94.5,49.5,147.0,52.5,108.0,120.5,138.0,108.0,64.5,48.5,60.0,65.0,112.5,72.0,106.5,91.5,89.57142857142857,1424.137755102041,66.0,103.875,89.0625,109.5,91.5
79.2,120.6,94.2,46.8,141.6,49.8,108.0,112.0,139.8,108.0,65.4,52.2,66.6,62.8,117.6,71.4,108.6,95.4,89.07142857142857,1330.037755102041,65.8,101.55,89.35,113.1,95.4
81.9,119.7,93.9,44.099999999999994,136.2,47.099999999999994,108.0,103.5,141.6,108.0,66.3,55.900000000000006,73.19999999999999,60.599999999999994,122.69999999999999,70.8,110.7,99.3,88.57142857142857,1235.937755102041,65.6,99.225,89.6375,116.7,99.3
84.6,118.8,93.6,41.4,130.8,44.4,108.0,95.0,143.4,108.0,67.2,59.6,79.8,58.4,127.8,70.2,112.8,103.2,88.07142857142857,1141.8377551020408,65.4,96.9,89.925,120.3,103.2
87.3,117.9,93.3,38.7,125.4,41.7,108.0,86.5,145.2,108.0,68.1,63.300000000000004,86.4,56.2,132.9,69.6,114.9,107.1,87.57142857142857,1047.7377551020409,65.2,94.575,90.2125,123.9,107.1
90.0,117.0,93.0,36.0,120.0,39.0,108.0,78.0,147.0,108.0,69.0,67.0,93.0,54.0,138.0,69.0,117.0,111.0,87.07142857142857,953.6377551020408,65.0,92.25,90.5,127.5,111.0
